PageRank,isImportant
0.04939691,1
0.02858627,1
0.052306653,1
0.025599645,1
0.030292913,1
0.025599645,1
0.045759557,0
0.025599645,0
0.035806681,0
0.025599645,0
0.025599645,0
0.025599645,0
0.029866252,0
0.025599645,0
0.025599645,0
0.090067739,0
0.088887949,0
0.02652559,0
0.222495346,0
0.047851641,0
0.04735934,0
