PageRank,isImportant
0.047026492,1
0.028461822,1
0.052982752,1
0.025728204,1
0.030284234,1
0.025728204,1
0.044747615,0
0.025728204,0
0.03596379,0
0.025728204,0
0.025728204,0
0.025728204,0
0.030284234,0
0.025728204,0
0.025728204,0
0.08551331,0
0.09013746,0
0.026769582,0
0.226384142,0
0.04802179,0
0.04759715,0
