PageRank,isImportant
0.038728561,1
0.020586939,1
0.035451086,1
0.018681432,1
0.021857276,1
0.018681432,1
0.032063662,0
0.020505778,0
0.034895179,0
0.020505778,0
0.018681432,0
0.018681432,0
0.021857276,0
0.024590772,0
0.018681432,0
0.061983766,0
0.058221137,0
0.019473701,0
0.214641494,0
0.066139266,0
0.034560652,0
