PageRank,isImportant
0.03955656,1
0.015900264,1
0.053161352,1
0.029004987,1
0.018498876,1
0.137703665,1
0.026553965,0
0.055274789,0
0.034662052,0
0.026638465,0
0.029865869,0
0.030300795,0
0.017785587,0
0.022082545,0
0.047619048,0
0.054402552,0
0.09117846,0
0.046248574,0
0.14738138,0
0.028561168,0
0.047619048,0
