PageRank,isImportant
0.038366723,1
0.015962531,1
0.051080533,1
0.027962024,1
0.017403706,1
0.149475586,1
0.025153087,0
0.052551162,0
0.033130744,0
0.026533905,0
0.031087877,0
0.03530751,0
0.017281094,0
0.021260232,0
0.047619048,0
0.045466189,0
0.091012756,0
0.044134379,0
0.153910741,0
0.027681127,0
0.047619048,0
